0.7463559438793045, 0.7681138110488926, 0.7645251084538988
0.7529414610860644, 0.7601703614569997, 0.7580122883373178, 0.7629856902896888, 0.7629857052587463
0.7463559438793045, 0.7463561441702322
0.7511971806108542, 0.7597113309633186, 0.7602923125418547
0.7511971806108542, 0.7599976083550839, 0.7573904733361044, 0.7573904654078525, 0.7573904654078273, 0.7573904654078273, 0.7635896459429357, 0.7616216269619633
0.7548242243204427, 0.754824462186873, 0.7548244621876374
0.7548242243204427, 0.754824462186873, 0.763017447933944, 0.7630174725436306, 0.7603699995920125, 0.7661060131429489
0.7400835631169427, 0.7465179730155667, 0.8706927954504935, 0.8660321286161651, 0.8616763507238941
0.7548242243204427, 0.754824462186873, 0.7548244621876374
0.7436734196764226, 0.7725172401974418, 0.7898939089952571, 0.8271812930580661, 0.8630773331635737, 0.8459687643008567, 0.8476326827620367, 0.8468151124042611, 0.8457728838378165, 0.8504672511623852, 0.8637426547975908, 0.8708170233747783
0.7511971806108542, 0.7596738522634467, 0.7602461856901384, 0.7602461874924942, 0.7602905428525882, 0.7709142546174201, 0.7709142850750925, 0.7704539201449148, 0.7641653464793345, 0.7886342489725051, 0.7924914961551786, 0.7927919729597072, 0.7860158101838549
0.7529414610860644, 0.7601703614569997
0.7400835631169427, 0.7609295477263494
0.7511971806108542
0.7511971806108542, 0.7599976083550839, 0.7599976348605582, 0.7599976348606419, 0.7599976348606419, 0.7573904921759644, 0.7573904842476902, 0.757390484247665, 0.757390484247665, 0.7635896569632968, 0.7635896758930177, 0.7635896758930775, 0.7635896758930775
0.7463559438793045, 0.7463561441702322, 0.7463561441708761, 0.7463561441708763, 0.754686522066231, 0.7546865469215269, 0.7526015420230612
0.7463559438793045, 0.7541172558028232, 0.7658985447886406, 0.760985519820849, 0.7606058699803641, 0.79161248879131, 0.787736222252446, 0.7874867192807321, 0.7871294799414623, 0.784631742570705
0.7380751112087321, 0.7448638239100316
0.7511971806108542, 0.7599976083550839, 0.7573904733361044
0.7511971806108542, 0.7599976083550839, 0.7573904733361044, 0.7573904654078525
0.7548242243204427
0.7548242243204427, 0.7630177164996735, 0.7603703064032551, 0.7661061856718733, 0.7661062031524154, 0.7640693252166089, 0.7640693189569975, 0.7681779779967047
0.7511971806108542, 0.7599976083550839, 0.7599976348605582, 0.7599976348606419, 0.7599976348606419, 0.7599976348606419, 0.7573904921759644, 0.7635896469043016, 0.7635896658339698, 0.7616216408939511, 0.7616216348647976, 0.7616216348647782, 0.7660857105155771, 0.7660857243026525, 0.766085724302696, 0.766085724302696, 0.7645315568837888, 0.7645315520772341, 0.7678136886599894, 0.7665471275402792, 0.7690062243874692, 0.7679539180218375, 0.7679539147135894, 0.7679539147135795, 0.7679539147135795, 0.7679539147135795, 0.769827151232253
0.7511971806108542, 0.7597053717697646, 0.7602859318496145, 0.7603278615866539, 0.7603311273908542, 0.7575085626468105, 0.7758277194921046, 0.796277071461289, 0.7932554192621815, 0.7921426589783358, 0.7923225021410266, 0.7931340913012548, 0.792090976780979, 0.792022867355869, 0.7935321591976865, 0.7923566162744853, 0.7935449957985076
0.7548242243204427, 0.7630177164996735, 0.763017741110797, 0.7603703230603225, 0.7661061949714242
0.7463559438793045
0.7548242243204427, 0.7630177164996735, 0.763017741110797, 0.7603703230603225, 0.7661061949714242, 0.7661062124519453, 0.7640693363117216, 0.7640693300521147, 0.7681779841671672, 0.7665424098324094, 0.7695502031750434, 0.7681995917642056, 0.7681995875361818
0.7463559438793045, 0.7463561441702322, 0.7463561441708761, 0.7539922060862008, 0.7654493474084247, 0.766113684052621, 0.7669313418163256, 0.7662383167243717, 0.7845312740445961, 0.7845501705019287
0.7400835631169427, 0.7462884957679775, 0.7754730251652718, 0.7715603465517411, 0.8163272585825193, 0.8662105459936399, 0.8694435430555013, 0.850644405441143
0.7400835631169427, 0.7609295477263494, 0.8620777851598533, 0.8557775276708972, 0.8548289281391562
0.7548242243204427
0.7463559438793045, 0.7546868394084805, 0.7546868642652228, 0.7526019116391586, 0.7526019052843633
0.7463559438793045
0.7511971806108542, 0.7599976083550839, 0.7599976348605582, 0.7599976348606419
0.7511971806108542, 0.7596738522634467, 0.7602461856901384, 0.7602879953343353, 0.7574616349767793, 0.7574616264116749, 0.7757894691628152
0.7548242243204427, 0.7630177164996735, 0.763017741110797, 0.7603703230603225
0.7463559438793045, 0.7463561441702322, 0.7546865220672512, 0.7546865469225473, 0.7526015420242497
0.7415645444243271, 0.7921369663144492, 0.7965234531825061, 0.8653543835820642, 0.8736507118559822, 0.8732549433941347, 0.866208983444187, 0.8387023295289713, 0.8439365276881041, 0.8707777620624928, 0.8891168647654722, 0.8909712466962865, 0.9027744549689259, 0.8888945569061855, 0.9060734454612476, 0.9090445100754954, 0.9255189271068546, 0.9231834919032254, 0.9143944052496116, 0.9054485728072139, 0.9144256716003952, 0.9226205161092602, 0.9279310690120839, 0.9268915766887589, 0.9268915736956069, 0.9289974945504178, 0.9289974370294946, 0.9272247829909641, 0.8684933744541745, 0.8684930814429959
0.7511971806108542, 0.7596602906121891
0.7511971806108542, 0.7597113309633186, 0.7602858194199117, 0.76032760656165, 0.7603308723765226, 0.7575082775882206, 0.7758274810918204, 0.7776600460622082, 0.7780269950809638, 0.7991928437317184, 0.8006500301220404, 0.7963684806781804
0.7548242243204427
0.7398851564627017, 0.7601170385339936, 0.7788678284452851, 0.8536522480465131, 0.8424716318432355, 0.8570949245100511, 0.8437617375014594, 0.8412498566510704, 0.868581591362445, 0.8776252568150026, 0.8861113212237548, 0.8708456796107032, 0.8895986127683971, 0.914738284478215, 0.8925260735624937, 0.9010695274529792, 0.919417612939803, 0.9053158414905842, 0.9191057108118583, 0.9226506441581662, 0.9106301537312506, 0.927325175306625
0.7400835631169427
0.7511971806108542
0.7463559438793045, 0.777895441407148, 0.7750738795198692, 0.7750738701289963, 0.7748495753382613, 0.7748340231639052, 0.7829048462042741, 0.7826799308959187, 0.7944903301217309, 0.7875609232450778, 0.7869848190802973, 0.795956017770957, 0.8006116031664647, 0.797117242562552, 0.7969201752608932, 0.7969068362466272, 0.8057157078998917, 0.807637241732543, 0.8065252207464465, 0.8058206671254292, 0.8070547040940909, 0.8364425498704638, 0.8377841418324471, 0.8436817624189851, 0.8447237012791524, 0.8669663495944053, 0.8626917489368915, 0.8518977440721114, 0.8308886438818962, 0.8695996651187363, 0.8818901538161429
0.7400835631169427, 0.7611377195574529
0.7548242243204427, 0.7630177164996735, 0.7603703064032551, 0.7661061856718733, 0.7640693141873431, 0.7640693079277504, 0.7681779718499453, 0.7665423950674192, 0.7695501951221709, 0.769550204488151, 0.7681995867941174, 0.7704455373174692, 0.7704455443629066, 0.7704455443629291
0.7463559438793045, 0.7546868394084805, 0.7526018925692397, 0.7526018862144612
0.7529414610860644
0.7511971806108542, 0.7599976083550839, 0.7599976348605582, 0.7573904921759052, 0.7573904842476313, 0.7635896569632303, 0.7635896758929512, 0.7635896758930111, 0.7635896758930111, 0.7616216526552283, 0.7616216466260805, 0.7616216466260607, 0.7616216466260607, 0.7616216466260607, 0.7616216466260607, 0.7616216466260607
0.7548242243204427, 0.7734902562611334, 0.7710025898160359, 0.7953273578638929, 0.8037199754685248, 0.8045403173603964, 0.8712082311060957, 0.8872794440664795, 0.8820802023696368, 0.8878694244193699, 0.8908780923616064, 0.8914021294509092, 0.9316221557068513, 0.9222561413894053, 0.9272919436049989, 0.9262298348450831, 0.9281503617609218, 0.926662406674093, 0.9310441757486898, 0.9347243080847416, 0.9383107255155491, 0.9389636677617155
0.7463559438793045, 0.7546868394084805, 0.7526018925692397
0.7511971806108542, 0.7993870241747453, 0.7991092550887449, 0.8359753517185459, 0.8464379708009393, 0.8480044083495597, 0.8371413564223485, 0.8866447156108139, 0.8877986688468719, 0.8839768955969972, 0.8771297211565428, 0.8910578817609975, 0.9227539245314138, 0.9061312512810127, 0.9274298789678133, 0.9251047174776634, 0.9207640424212891, 0.9329789805197227, 0.9314537007267607, 0.9462503207865794, 0.939921902988025
0.7380751112087321, 0.7900864757911391, 0.7947366195794965, 0.8291922004683133, 0.8339343936387333, 0.8334755091392344, 0.8356106492324994, 0.8359625637435416, 0.8386851021560034, 0.8409398531422426, 0.8572152392325921, 0.8640952479422148, 0.8710617508106641, 0.8682710503821958, 0.8986091001234081, 0.8851343146551213, 0.9046529981363006, 0.8882932063372375, 0.8894836036857682, 0.9094225054008133, 0.910737752034622, 0.9137843330952569, 0.9167604640728425, 0.9164590983703637, 0.9171724017133434, 0.9161498594628398, 0.9149610796079212
0.7380751112087321, 0.7902119521508889, 0.794942489605276, 0.829691953260265, 0.8348550725577344, 0.8378632507182479, 0.8378606172316766, 0.8379199503742754, 0.8530948681465458, 0.8576502545251469, 0.8513692881578543, 0.8988365957502249, 0.8928105310271117, 0.8931291665530433, 0.8977883652487393, 0.9097191369353335, 0.8870625271707767, 0.8968772764823343, 0.8927176210933919, 0.9226811834096854, 0.9234389717304101, 0.9092756889247834, 0.9208201456446461, 0.9261283984648316, 0.9254110400888576, 0.9165370969654802, 0.9165370231691092, 0.9165370231688846, 0.9015720241918117, 0.9015719707610489, 0.9015719707608814, 0.9052967053237768, 0.8752610141575631, 0.872557042658302
0.7511971806108542, 0.7596602906121891
0.7529414610860644, 0.7529416601586009, 0.7529416601592409, 0.7529416601592408, 0.7529416601592408, 0.7529416601592408, 0.7529416601592408, 0.7529416601592408
0.7511971806108542, 0.7596602906121891
0.7548242243204427, 0.7630177164996735, 0.7603703064032551, 0.7603702983349293, 0.7661061941789966, 0.7640693243317672, 0.7640693180721795, 0.7640693180721589, 0.7640693180721589, 0.7681779775381679, 0.7681779902105665, 0.7681779902106067, 0.7681779902106067, 0.7681779902106067, 0.7681779902106067, 0.7681779902106067, 0.7681779902106067, 0.7681779902106067, 0.7681779902106067, 0.7681779902106067, 0.7681779902106067, 0.7681779902106067, 0.7681779902106067
0.7400835631169427, 0.761216683045458, 0.7620306012294706, 0.7638325019004724, 0.8079151099521985, 0.8135370856380499, 0.8179227253889003, 0.8186702283483396
0.7529414610860644, 0.7529416601586009, 0.7601701150486484, 0.7580119947429236, 0.7580119881336749, 0.7629855333866072, 0.7629855483560775, 0.7629855483561248, 0.7629855483561248, 0.7613423031964247, 0.761342298123088, 0.7648447264922039, 0.7648447371763284, 0.7648447371763627, 0.7648447371763627
0.7463559438793045
0.7463559438793045, 0.7681138110488926, 0.7660509086702385, 0.770224207752129, 0.7702242201252328, 0.770517991701926, 0.7702614749927083, 0.7757624760643138, 0.7763940109666889, 0.7815182992144201, 0.7809285737875777, 0.793603418345042, 0.7902915643582152, 0.801351475295822, 0.8020014819156147, 0.7991603908583551, 0.8060442288052384, 0.8091784430827197, 0.8085101016557615, 0.8097196391352953, 0.8091753598031366, 0.8314719320559626, 0.8601319299137158, 0.849247665744425
0.7511971806108542, 0.7597053717697646, 0.759705397371804, 0.7602777332801475
0.7548242243204427
0.7548242243204427, 0.7630177164996735, 0.7603703064032551, 0.7661061856718733, 0.7640693141873431, 0.7640693079277504
0.7511971806108542, 0.7511974191483262, 0.7599973007223166, 0.7599973272262326, 0.7573901268389274, 0.7573901189104812, 0.7635894421275695
0.7435009162152123, 0.7945055096779935, 0.7907436233841408, 0.8360865271899827, 0.823722825184955, 0.8413160156256005, 0.8330232747363865, 0.8784139464550741, 0.8880118605758137, 0.8914168329738282, 0.8909499453111105, 0.9033738671497348, 0.9178835557750438, 0.9086427123629586
0.7463559438793045, 0.7463561441702322, 0.7546865220672512, 0.7526015229554025, 0.7526015166004657, 0.7584162504091864, 0.7568980183815917, 0.7568980137266874, 0.7610457877303706, 0.7610458004384627, 0.7598763458563363, 0.7598763422373401, 0.7598763422373281, 0.7598763422373281, 0.7598763422373281, 0.7598763422373281, 0.7598763422373281, 0.7598763422373281, 0.7598763422373281, 0.7598763422373281
0.7548242243204427
0.7415645444243271, 0.7922289108236998, 0.7876239214310267, 0.797648314719263, 0.8279071832676966, 0.8537543853062434, 0.8530127024038376, 0.8681749279658704, 0.8643087429188455, 0.8687207906387839, 0.8716163527370379, 0.8731862295610023, 0.8637004653004231
0.7222487496373052
0.7435009162152123, 0.792917673175556, 0.7973301226537589, 0.830687886551815, 0.8331265667466938, 0.8620982609906604, 0.8697923472424934, 0.860599952980705, 0.8628347273342551, 0.8797889170029864, 0.8809559261916348, 0.8809765571935326, 0.8808959429599305, 0.8942250729755455, 0.8921093242468983
0.7529414610860644, 0.7601703614569997, 0.7601703828742242, 0.760170382874292, 0.7580123034441592, 0.7580122968350338
0.7548242243204427, 0.8051126410075948, 0.8089187999411768, 0.834056926305619, 0.8374525210825404, 0.839344916767298, 0.8681499207406057, 0.881512687654712, 0.8808294025088615, 0.8824796928546139, 0.8738028329619077, 0.8722046989175343, 0.91359980670648, 0.9058888156341273, 0.9009583314484187, 0.8970853104283933, 0.9062553942567882
0.7548242243204427, 0.7630177164996735
0.7548242243204427, 0.7733383144590634, 0.7753076575025573, 0.7766500241526674, 0.793661389306498, 0.8245174455630412, 0.8171652939005734, 0.8747108623016295, 0.8711902579906107, 0.8581428934027905, 0.8819103632832063, 0.8768217713211618, 0.8686681190324775, 0.8700454938290817, 0.9181273134757149, 0.9067115740302946, 0.916828572350094, 0.9216135561392138, 0.9391890965768815, 0.9238091657247494, 0.9253475157913513, 0.9426968480317495, 0.9432780145098042
0.7511971806108542
0.7511971806108542, 0.7511974191483262, 0.751197419149093, 0.759997300721328, 0.7599973272252436, 0.7599973272253273
0.7511971806108542, 0.7596674728098085, 0.7602487911284617, 0.7602907419525283, 0.7602940093101511, 0.7709184070718524, 0.788677668133476, 0.785318241688197, 0.7958444119377842, 0.7959470031874939, 0.7959450389563003, 0.7923551489838584, 0.7925646876765732, 0.7932115639760857, 0.7922868350277745, 0.7929987307983092, 0.8096054581994181, 0.8048747119191303, 0.8041566532578288, 0.8152629010803366, 0.8338730516155399
0.7548242243204427, 0.7598882948302719
0.7548242243204427, 0.7731901899057142, 0.7751058738781201, 0.8187723436691324, 0.8247113866914673, 0.8339914773104607, 0.8604820821711456, 0.8490992292005809, 0.8683444497409254, 0.8744991394582508, 0.9150308056880372, 0.9192250124282076, 0.9057446121100152, 0.9104957493632442, 0.9081107653227148, 0.9092602947600767, 0.9105365969522534, 0.9333648070002163, 0.9256526936297718, 0.9365099396810403, 0.9312864156216023, 0.9450425929132285, 0.9316388974835633, 0.9332614172317983, 0.9476660431285407, 0.9512316343183078, 0.9518364515497271, 0.9601081726019273, 0.9593301792610629
0.7529414610860644, 0.7529416601586009, 0.7529416601592409, 0.7529416601592408, 0.7529416601592408, 0.7529416601592408, 0.7601701150478559, 0.7580119947419791, 0.7580119881327306, 0.7629855333860779, 0.7629855483555483
0.7400835631169427, 0.7462884957679775, 0.7578463224379346, 0.8042540458739366, 0.8501513532890684, 0.8416733312992158, 0.8499916246670585
0.7463559438793045
0.7511971806108542
0.7463559438793045, 0.7541172558028232, 0.7541172788987264, 0.7708768607497078, 0.7732734782901249, 0.7734312422811668
0.7548242243204427, 0.754824462186873, 0.7548244621876374, 0.7548244621876377, 0.7548244621876377
0.7511971806108542, 0.7596674728098085
0.7548242243204427, 0.7796054856912547, 0.78431706554229, 0.7848878673392847, 0.7935883880401435, 0.8556266650467153, 0.8490029415974278, 0.8480349409924783, 0.8537716985023481, 0.856458063006086, 0.8672718056342893, 0.8495722859804999, 0.9137405575405619, 0.9090144953343899
0.7548242243204427, 0.7630177164996735, 0.763017741110797, 0.7603703230603225, 0.7661061949714242, 0.7640693252824722, 0.7681779723042135, 0.7681779849765753, 0.7681779849766154, 0.7681779849766154, 0.7665424029516068
0.7463559438793045, 0.7546868394084805
0.7548242243204427, 0.754824462186873, 0.7548244621876374, 0.7548244621876377, 0.7630174479330807, 0.7630174725427674, 0.7630174725428449, 0.7603699995910254, 0.7603699915225133, 0.7661060216497754, 0.7640691186448906, 0.7681778561029624, 0.766542256570291, 0.7665422514947839, 0.7695501220671982, 0.7681994928538034, 0.7704454867390781, 0.7693122945382049
0.7463559438793045, 0.7541172558028232
0.7511971806108542, 0.7599976083550839, 0.7573904733361044, 0.7573904654078525, 0.7635896459429029, 0.7616216269619259, 0.7616216209327904, 0.7660857023122262, 0.7660857160993193, 0.7660857160993632, 0.7660857160993632, 0.7660857160993632, 0.7645315473271048, 0.7678136781562287, 0.7678136883848921, 0.7665471212940504, 0.7690062207668084, 0.7679539136917412, 0.7698271464504332, 0.7689437706339863, 0.7703910901770581, 0.7703910947611896, 0.7696462204481813, 0.7696462180839392, 0.7696462180839317, 0.7707778520441837, 0.7701491851639019, 0.7710427418738905, 0.7705126853547752, 0.7712239739626048, 0.7707779347059892, 0.7713478696718176, 0.7713478714906877, 0.7709734032769173, 0.7714325189388204
0.7529414610860644, 0.7601703614569997, 0.7601703828742242, 0.7580123034441117, 0.7629856986976182, 0.7613424877074301, 0.761342482634194, 0.764844829879215, 0.7648448405631014, 0.7635275883211671, 0.7660506260723196, 0.7660506338542324, 0.766050633854257, 0.766050633854257, 0.766050633854257, 0.766050633854257, 0.766050633854257, 0.766050633854257, 0.766050633854257, 0.766050633854257, 0.766050633854257
0.7463559438793045, 0.7546868394084805, 0.7546868642652228, 0.7546868642653014, 0.7526019116392184, 0.7526019052844227, 0.7526019052844025, 0.7526019052844025, 0.7584164864737131
0.7463559438793045, 0.7681138110488926, 0.7645251084538988, 0.7642505338647394, 0.7642295307013343, 0.7642484068296661, 0.7628715637416631, 0.7813325576213711, 0.7833722421748239, 0.7833220705261831, 0.7832765386808622, 0.7828348190347058, 0.7955961517332251, 0.7975950134140487, 0.7977387474951033, 0.7944989290068003, 0.8035840046938749, 0.8030725197853859, 0.8036300894940364, 0.8038353672080647, 0.8043653469027842
0.7222487496373052, 0.7411645193167827, 0.7639528885170852, 0.7660420356271268, 0.8308446086183915, 0.8535443101477385
0.7511971806108542
0.7463559438793045
0.7548242243204427, 0.7630177164996735, 0.7603703064032551
0.7529414610860644, 0.7601703614569997, 0.7580122883373178, 0.7580122817282113, 0.7580122817281905, 0.7580122817281905
0.7463559438793045, 0.7681138110488926
0.7400376950451445, 0.7926305157074514, 0.7972505664264543, 0.8060789170476012, 0.8316403487718919
0.7548242243204427, 0.7630177164996735, 0.763017741110797, 0.7630177411108745, 0.760370323060375, 0.7661061949714534, 0.7661062124519742, 0.7661062124520296, 0.7640693363117911, 0.7681779784509888, 0.7681779911233361, 0.7681779911233759, 0.7681779911233759, 0.7681779911233759, 0.7681779911233759, 0.7681779911233759, 0.7681779911233759, 0.7681779911233759, 0.7681779911233759, 0.7681779911233759, 0.7681779911233759, 0.7681779911233759, 0.7681779911233759, 0.7681779911233759
0.7400999001079368, 0.7604225638676608, 0.8076412858654708, 0.850230527587877, 0.8337056991663341, 0.8317615802704175, 0.841351110416995
0.7511971806108542, 0.7596738522634467, 0.7602578666691788, 0.7602998321089941, 0.7603030990862021, 0.7709266640026551, 0.7709266944591012, 0.7886855564747145, 0.785326405481611, 0.783574748753567, 0.7932424579090108, 0.787842382194822, 0.7824866992190673, 0.7910563682054428
0.7529414610860644, 0.7529416601586009, 0.7529416601592409, 0.7601701150478565, 0.7601701364638553, 0.7601701364639232, 0.7601701364639232, 0.7601701364639232, 0.7601701364639232, 0.7601701364639232, 0.7601701364639232, 0.7601701364639232, 0.7601701364639232
0.7548242243204427, 0.7630177164996735, 0.7603703064032551, 0.7603702983349293, 0.7603702983349035, 0.7661061941790244, 0.7640693243317996, 0.7681779718219625, 0.7681779844943253, 0.7681779844943659
0.7511971806108542, 0.7596674728098085, 0.7602422980065188, 0.7602842525171223
0.7463559438793045, 0.7546868394084805
0.7400999001079368, 0.7909709653185436
0.7463559438793045, 0.7546868394084805, 0.7526018925692397, 0.7584164644250765
0.7511971806108542, 0.7599976083550839, 0.7599976348605582, 0.7599976348606419, 0.7573904921759644, 0.7635896469043016, 0.7635896658339698
0.7400835631169427, 0.7609295477263494, 0.7632078022125506, 0.7786618773134265, 0.8082009140083094, 0.8039519311341422, 0.8022394121273907, 0.8398242540310472, 0.8441182297903495, 0.8631962474942898, 0.8969396608209873, 0.9031105279107272, 0.883488443699525, 0.8839138084906302, 0.9139708371111721, 0.9098015692088658
0.7511971806108542
0.7548242243204427, 0.7733253834227527, 0.7908944208456801, 0.8028609175414377, 0.8526254423523206, 0.8377493725390707, 0.8508322740525835
0.7548242243204427, 0.7630177164996735, 0.763017741110797
0.7400835631169427, 0.7611377195574529, 0.8079611831812468, 0.8091723756330558, 0.846380294164672, 0.8555216632887833, 0.8568479552756935, 0.8610804882836026, 0.8703649670828209, 0.8618243934871443, 0.8721073263100737, 0.9037544779983989, 0.888170172605328, 0.8954039312071664, 0.909214844842456, 0.9052496058378111, 0.9069613744005941, 0.9107447271451808, 0.9108194656087105
0.7511971806108542, 0.7511974191483262, 0.751197419149093, 0.759997300721328, 0.7599973272252436, 0.7599973272253273, 0.7573901268378124, 0.7635894320676953
0.7511971806108542, 0.7511974191483262, 0.751197419149093, 0.7511974191490931
0.7511971806108542
0.7548242243204427, 0.7630177164996735
0.7511971806108542, 0.7596602906121891, 0.7596603160748621, 0.7602329981002185, 0.7602773608746353, 0.7709022804636564, 0.7704419341078559, 0.7655393027562928
0.7511971806108542, 0.7511974191483262, 0.751197419149093, 0.7511974191490931
0.7548242243204427, 0.7630177164996735, 0.7603703064032551, 0.7661061856718733, 0.7640693141873431, 0.7640693079277504, 0.7681779718499453, 0.7681779845223576, 0.7681779845223976, 0.7681779845223976, 0.7681779845223976, 0.7681779845223976, 0.7681779845223976, 0.7681779845223976
0.7463559438793045, 0.7546868394084805, 0.7526018925692397, 0.7584164644250765, 0.7584164820253109, 0.7584164820253667, 0.7584164820253667, 0.7584164820253667, 0.7568982753982022, 0.7568982707433738, 0.7610459471454625, 0.7610459598532657, 0.7598765254140575, 0.7628976690792032, 0.7628976784274993
0.7511971806108542, 0.7511974191483262, 0.7599973007223166, 0.7599973272262326, 0.7573901268389274, 0.7573901189104812, 0.7635894421275695, 0.7616213886795088, 0.766085553273089, 0.7660855670604302, 0.7645313739356377, 0.7645313691290068, 0.7645313691289914, 0.7645313691289914, 0.7645313691289914, 0.7645313691289914, 0.7645313691289914
0.7463559438793045, 0.7463561441702322, 0.7463561441708761, 0.7546865220662314
0.7511971806108542
0.7400376950451445, 0.7603706154358826
0.7548242243204427, 0.7734172779470685, 0.7753623239999514, 0.7899789261923762, 0.8516199720196497, 0.8383795861516693, 0.8623538051831655, 0.8874542224683996, 0.8764935896598405, 0.8899778254145833, 0.8945417352893217, 0.9191720358828182, 0.9080568375751268, 0.9106265462883649, 0.9125447578202555, 0.9151778262692065, 0.9227410000085741, 0.9270814662869997, 0.9243437944908396, 0.9289091099905216, 0.9358684272546212, 0.9384780705413606, 0.9444098928918009, 0.9458856313297955, 0.9438585206420864, 0.9633075821954946, 0.9677946763046089, 0.9691017467678072, 0.9726737814066009, 0.9732981811063217, 0.9738563218089844, 0.9738447799227028, 0.9747783475763354, 0.9748282562019189, 0.9741742789566024
0.7511971806108542, 0.7511974191483262, 0.751197419149093, 0.7511974191490931, 0.7511974191490931, 0.7599973007213278, 0.7573901079990011, 0.7635894210479873, 0.7616213640298699, 0.7616213580006217, 0.7660855456964535, 0.7660855594838639, 0.7660855594839079, 0.764531365113895, 0.767813569244789, 0.7678135794736751, 0.7665469938792578
0.7511971806108542, 0.7599976083550839, 0.7573904733361044, 0.7635896358839658, 0.7635896548136569, 0.7635896548137168, 0.7616216280059637, 0.7660856958671611
0.7548242243204427, 0.754824462186873, 0.763017447933944, 0.7603699829358441, 0.7603699748673546, 0.7603699748673285
0.7463559438793045
0.7463559438793045, 0.777895441407148, 0.7750738795198692, 0.7748410044970048, 0.7790863947486546, 0.7777155678540016, 0.7785341905785627, 0.7785942632786924, 0.7876266700001201, 0.7855848568011158, 0.7869632798458804
0.7529414610860644, 0.7529416601586009
0.7511971806108542, 0.7599976083550839, 0.7573904733361044, 0.7573904654078525, 0.7635896459429029, 0.763589664872647, 0.7616216397671707, 0.766085702859295, 0.7645315391892712, 0.7678136733076695, 0.7678136835363432, 0.7665471156183449
0.7393155952716596, 0.7598219529820961, 0.7808501187887742, 0.8097169439962085, 0.8454805908865894, 0.8212381154032927, 0.8185876899253485, 0.834754419782975, 0.8443708470817877, 0.841954886339684, 0.8637133709364793
0.7511971806108542, 0.7596738522634467, 0.760246454075279, 0.7602464558784817, 0.7602908110862029, 0.7574647822784565, 0.7757867002947153, 0.7776187466768777, 0.7779910747218524, 0.7990608965028377, 0.7916503595047151, 0.7916503355349118
0.7463559438793045, 0.7463561441702322, 0.7546865220672512, 0.7526015229554025, 0.7584162398926365, 0.756898006393894, 0.7610457728369784, 0.7610457855450482, 0.7610457855450883, 0.7598763290803366, 0.7628975457429372
0.7415645444243271, 0.7916491219509313, 0.7960743371169033, 0.802468959611162, 0.8301810953319739, 0.8262384174381542, 0.8347163770152599, 0.8406999280203682, 0.8671592070875046, 0.8628991476150034
0.7529414610860644, 0.7601703614569997, 0.7601703828742242, 0.7580123034441117, 0.7629856986976182, 0.7629857136666567, 0.7613424975404491, 0.7613424924671984, 0.7648448353359067, 0.7648448460197802, 0.7635275947514013, 0.7660506295560826, 0.7660506373379861, 0.7660506373380107, 0.7660506373380107, 0.7660506373380107, 0.7660506373380107, 0.7660506373380107, 0.7660506373380107, 0.7660506373380107
0.7463559438793045, 0.7681138110488926, 0.7718620647111571, 0.7713791671938467, 0.7674036466639329, 0.7670721108950609, 0.7670486522380459, 0.7811565172096034, 0.7940793371052194, 0.7947701816134496, 0.790409777194151, 0.7911509081502399, 0.7888229829180236, 0.7946896158287504, 0.8039698988724672, 0.8056023511405075, 0.79845526544614, 0.8070465943766564, 0.8088823238602058, 0.8096546606625792
0.7511971806108542, 0.7703274795757946, 0.7723628026539869, 0.8637378328911178, 0.8565759171348618, 0.8816119842729315, 0.8837423782334382, 0.8750701586772539, 0.9013279159001626, 0.9081929593999575, 0.9057835218350258
0.7400999001079368, 0.7694975046653343, 0.7933679851340836, 0.8252692481690576, 0.855469277265585, 0.8470584172203249
0.7435009162152123, 0.7948330357728474, 0.7935872639824124, 0.7999724505221051, 0.8364855913367852, 0.8687689579034659, 0.8575650622247409, 0.8699504014651892, 0.8713737128720982, 0.8710448473136838, 0.879650521195632, 0.8820623249968563, 0.9134478661355023, 0.9096694901871427
0.7548242243204427, 0.7630177164996735, 0.763017741110797, 0.7630177411108745, 0.760370323060375, 0.7603703149920258, 0.760370314992, 0.760370314992
0.7548242243204427
0.7400835631169427, 0.7465179730155667, 0.7579643942328682, 0.8188105699157429, 0.8152872732743833, 0.8257975125639498, 0.8260493149550329, 0.8272203046728182, 0.831411820949929, 0.860110096838414, 0.9023855452234768, 0.8894603408809222, 0.8773540944977954, 0.8765294790841401, 0.8926302819963927, 0.8842587077836302
0.7511971806108542, 0.7511974191483262, 0.751197419149093, 0.759997300721328, 0.757390107999001, 0.7573901000705766, 0.7573901000705514, 0.7635894311072116, 0.7616213757914286, 0.7616213697621854, 0.7660855526887843, 0.7645313644728615, 0.7645313596662453
0.7463559438793045, 0.7463561441702322, 0.7541169767356037, 0.7546293001940939, 0.7546662901916016, 0.7651917376402706, 0.7658301800878595, 0.7666010802646789, 0.766912196674522, 0.766790327781369, 0.7668288312866423, 0.7816122167425064, 0.7763764288560303, 0.776487120503445, 0.7748719592737974, 0.7897944866518489, 0.7859025686044303, 0.793576594067889, 0.7972647061022821, 0.8007493821658619, 0.824168398210932, 0.8352002632380722
0.7511971806108542, 0.7596738522634467, 0.7602541282993545, 0.7602960958616676
0.7529414610860644, 0.7601703614569997, 0.7580122883373178
0.7511971806108542, 0.7511974191483262, 0.7599973007223166, 0.7599973272262326
0.7548242243204427, 0.754824462186873, 0.763017447933944, 0.7603699829358441
0.7511971806108542
0.7511971806108542
0.7511971806108542, 0.7599976083550839
0.7415645444243271, 0.7613554582624269, 0.7653239129856341
0.7548242243204427, 0.7630177164996735, 0.7603703064032551, 0.7603702983349293, 0.7661061941789966, 0.7661062116595875, 0.7661062116596427, 0.7661062116596427, 0.7661062116596427, 0.7640693353610951
0.7548242243204427, 0.7731901899057142, 0.8372245116953596, 0.8326331164195595, 0.8289933485595389
0.7511971806108542, 0.7993870241747453, 0.7984303410677762, 0.8037196499006809, 0.8027453440145461, 0.8076530480004508, 0.8733279405948701, 0.8696702933634735, 0.8687177072006049, 0.8754912626372641, 0.8854248507421214, 0.8824414455530205, 0.8833339666031412, 0.8918068500758839, 0.8990075609769083, 0.895035413006617, 0.8898280686924462, 0.8996323738725107, 0.9033537566497334, 0.9045487938356438
0.7529414610860644
0.7511971806108542, 0.7599976083550839, 0.7573904733361044, 0.7635896358839658, 0.7616216152007108, 0.7616216091715704, 0.7616216091715509, 0.7616216091715509, 0.7616216091715509, 0.766085695320119, 0.7660857091072264, 0.76608570910727, 0.76608570910727, 0.76608570910727, 0.76608570910727, 0.76608570910727, 0.76608570910727, 0.76608570910727
0.7511971806108542, 0.7597053717697646, 0.7602777315768292, 0.7602777333792674
0.7529414610860644, 0.7601703614569997, 0.7580122883373178, 0.7629856902896888, 0.7629857052587463, 0.7629857052587937, 0.7629857052587937, 0.7629857052587937, 0.7629857052587937, 0.7629857052587937
0.7356451374953317, 0.7884175880025993, 0.7954813375280512, 0.8258245959138298, 0.8160806297221948, 0.8498635385484461, 0.8728636861055855, 0.8684667129237437, 0.862827894324845, 0.8847797750101631, 0.9054877763974577, 0.9088555272551586, 0.9303731702636567, 0.933807732852485, 0.9318591818783039, 0.9336517341558352
0.7209784881241847, 0.7407280072662582, 0.7610791866747978, 0.8335467920404614, 0.8158601187706708, 0.812372616222778, 0.807643569004339, 0.8049501461162941, 0.8462591643654559
0.7160797441760214, 0.7757255187093293, 0.7738032841935976, 0.8551562272653381, 0.8547974715215141, 0.8541947582992009, 0.8492844174886555
0.7548242243204427, 0.7630177164996735, 0.763017741110797, 0.7603703230603225, 0.7661061949714242, 0.7661062124519453
0.7463559438793045, 0.7681138110488926, 0.7660509086702385
0.7400999001079368, 0.792258179763612, 0.8270576519985638, 0.8149407023139776, 0.8212124703807601, 0.8375804273678776, 0.852759120468513, 0.8564435319003447, 0.8517859289090759, 0.8763371966290836, 0.8797442448683982, 0.8887123004220449, 0.9116295078814527
0.7463559438793045, 0.7541172558028232, 0.7541172788987264, 0.7658985359847339, 0.7611387683949903, 0.7737833136349086, 0.7901929480952419, 0.7744402375188542
0.7511971806108542, 0.7511974191483262, 0.751197419149093, 0.7511974191490931, 0.7599973007213278, 0.7573901079990011, 0.7635894210479873, 0.7616213640298699, 0.7616213580006217, 0.7660855456964535, 0.7645313563358365
0.7463559438793045, 0.777895441407148, 0.7778390734190941, 0.7778390739119988, 0.7811286208699203, 0.781361929648829, 0.7800014221996873
0.7385001651594241, 0.7589848246495193, 0.780624075783416, 0.7827909307023365, 0.8031392339792177, 0.8404410986813502, 0.8424763152261464, 0.8492685870114199, 0.844987663815266, 0.8359043098102072, 0.8596508044197405
0.7511971806108542, 0.7596738522634467, 0.7602442488901555, 0.7602442506863988, 0.7602886071460907, 0.7709124962664025, 0.7709125267246315
0.7548242243204427, 0.7734172779470685
0.7511971806108542, 0.7599976083550839, 0.7599976348605582, 0.7599976348606419, 0.7573904921759644, 0.7573904842476902, 0.757390484247665
0.7529414610860644, 0.7529416601586009, 0.7529416601592409, 0.7601701150478565, 0.7580119947419794, 0.7629855256871432, 0.7629855406565733
0.7511971806108542, 0.7703035561397679, 0.7722914799460582
0.7511971806108542, 0.7703035561397679, 0.7723557020842462, 0.785205273167115, 0.7927672150117371, 0.7967418336006569, 0.8503187392637527, 0.8575550413030155, 0.8542484679821237, 0.8964750846836377, 0.8939917561040425
0.7463559438793045, 0.7463561441702322, 0.7463561441708761, 0.7463561441708763, 0.754686522066231, 0.7546865469215269, 0.7546865469216054
0.7548242243204427, 0.7731367399219623, 0.8371305520884796, 0.8248311479384433, 0.8384649046852755, 0.8379769039884606, 0.8715615122586035, 0.8676172116034149, 0.8683910076356118, 0.8957528094070241, 0.9253105972513175, 0.9099123559850909, 0.9070461207258389
0.7548242243204427, 0.754824462186873, 0.763017447933944, 0.7630174725436306, 0.7630174725437084, 0.7603699995920651, 0.760369991523553, 0.7603699915235276
0.7463559438793045, 0.7463561441702322
0.7463559438793045, 0.7541172558028232, 0.7546400734654275, 0.7546780074431058, 0.754680710578621
0.7511971806108542, 0.7597053717697646
0.7400376950451445, 0.7604788489537576, 0.7813907045811994, 0.8539455688507298, 0.8421165571365349, 0.8649921501114538, 0.8667935483104995, 0.8528558123854575
0.7398851564627017
0.7529414610860644, 0.7529416601586009, 0.7529416601592409, 0.7601701150478565, 0.7601701364638553
0.7511971806108542, 0.7596738522634467, 0.7602486284791171, 0.7602905793955297, 0.7574645233579286
0.7463559438793045, 0.7463561441702322
0.7400835631169427, 0.7609361450203516, 0.7617513183687757, 0.7800748832458388, 0.7821387871836591, 0.8095289264981738, 0.8079866579282905, 0.8058468423340759, 0.8172032841541831
0.7511971806108542, 0.7511974191483262, 0.7599973007223166, 0.7599973272262326, 0.7599973272263162, 0.7599973272263162, 0.7573901268389869, 0.7635894320683864, 0.7616213769179987, 0.7660855462807776, 0.7645313570206523, 0.7645313522140335, 0.7645313522140179
0.7400835631169427, 0.7605876449214205, 0.7803884960856003, 0.815845373065034, 0.8223308027171059, 0.8300743015755304, 0.8319395027709187, 0.8252684605182722, 0.8678759515730107, 0.859845771832439, 0.8613843887562196
0.7548242243204427, 0.754824462186873, 0.763017447933944, 0.7630174725436306, 0.7630174725437084, 0.7630174725437084, 0.7630174725437084, 0.7630174725437084, 0.7630174725437084, 0.7630174725437084, 0.7630174725437084, 0.7630174725437084, 0.7630174725437084, 0.7630174725437084, 0.7630174725437084, 0.7630174725437084, 0.7630174725437084, 0.7630174725437084, 0.7630174725437084, 0.7630174725437084, 0.7630174725437084, 0.7630174725437084, 0.7630174725437084, 0.7630174725437084, 0.7630174725437084
0.7548242243204427, 0.754824462186873, 0.763017447933944, 0.7603699829358441, 0.7603699748673546, 0.7661060123512646, 0.76610602983227, 0.7661060298323252, 0.7661060298323252
0.7529414610860644, 0.7529416601586009, 0.7601701150486484, 0.7601701364646478, 0.7601701364647152, 0.7601701364647152, 0.7601701364647152, 0.7580120098489663, 0.7629855340951801, 0.7613422941993092, 0.7613422891259877, 0.7613422891259718, 0.7613422891259718, 0.7648447214532785
0.7511971806108542, 0.7701793550224451, 0.7722107215787027, 0.8253506173324423, 0.861701743049398, 0.846374856189853, 0.8482409461168804, 0.8593710196357467, 0.8646008503977698, 0.8534953993342193, 0.8685862730865274, 0.867272963957446, 0.9227432138584133, 0.9048061652925642, 0.9087851875418541, 0.9146150541771983, 0.9128887540453434
0.7511971806108542, 0.7511974191483262, 0.751197419149093
0.7463559438793045, 0.7681138110488926, 0.7660509086702385, 0.770391278979934, 0.7706706545521056
0.7314598165517793, 0.7416928888504385, 0.779616993368579
0.7511971806108542, 0.7993870241747453, 0.7975569241471172, 0.8026342024456466, 0.8424568232514461, 0.8414374006186457, 0.8415672261587474, 0.8803869325928874, 0.8938225285113979, 0.8786398536020672, 0.8778899745705919, 0.8793740713142265, 0.8814276867065995, 0.8808272722458306, 0.8823137824795088, 0.8952525486985982, 0.9061769032988868, 0.9049360650999658, 0.9059106814037938, 0.9191575959393875
0.7548242243204427, 0.7796054856912547, 0.842355130899493, 0.8322295919542441, 0.8598758755410074, 0.8616525969743829, 0.8632762320402942, 0.8663997457864299, 0.8979749196504097, 0.8986589407566014, 0.8892440071716083, 0.9242073010747566, 0.9119989123475741, 0.9189765259548928, 0.9292853020311698, 0.9235204315297767, 0.9217097772187693, 0.9253709406272358, 0.9148109975147576, 0.928621650637469, 0.9312811007890477
0.7548242243204427, 0.754824462186873, 0.763017447933944, 0.7630174725436306, 0.7630174725437084
0.7548242243204427, 0.7630177164996735, 0.763017741110797, 0.7630177411108745, 0.7630177411108745, 0.760370323060375, 0.7661061949714534, 0.7640693252825076
0.7394716114352347, 0.7591209380199664, 0.8235848121775636, 0.832757456291191, 0.8392724902853447, 0.8155450047181193, 0.8256046458610125, 0.8319153668272385, 0.8511859467595196, 0.8654718270303691, 0.8679233029147227, 0.8974264645027135, 0.8922534278746627, 0.8979382769147352, 0.8870529260490735
0.7511971806108542, 0.770119307744691, 0.770873317721583, 0.8187203565473856, 0.8179371403567595
0.7511971806108542, 0.7599976083550839, 0.7573904733361044, 0.7635896358839658, 0.7635896548136569, 0.7635896548137168, 0.7635896548137168
0.7511971806108542, 0.7596738522634467, 0.7596738777680451, 0.7602442505783971, 0.7602886069643688, 0.7709124961514989, 0.7886702207377999, 0.7853143168576201, 0.7850578061957436, 0.7953396936523726, 0.7960794884382962, 0.789316318389659, 0.789316294794954, 0.836272508580203, 0.8376358914859154, 0.8309971055274649, 0.8506710213295942, 0.8471089996112635
0.7511971806108542, 0.7595852009957892, 0.7601666837392095, 0.7602085385214584, 0.7573728206867079, 0.7757151787211753
0.7415645444243271
0.7548242243204427, 0.7630177164996735, 0.7603703064032551, 0.7661061856718733, 0.7640693141873431, 0.7640693079277504
0.7400999001079368, 0.7598817362928523, 0.7807613212434696, 0.8161220981321342, 0.8182613806715385, 0.8254070489469054, 0.8558087536303038, 0.8504049033276576
0.7511971806108542, 0.7596738522634467, 0.7602578666691788, 0.7602998321089941, 0.7574748657457968, 0.7643106435906423
0.7529414610860644, 0.7601703614569997, 0.7580122883373178, 0.7629856902896888, 0.7629857052587463, 0.7629857052587937, 0.7613424876516309, 0.7648448247810155
0.7160797441760214, 0.7222604405071442, 0.8504629164686527, 0.8401940320096976, 0.8538960653974431, 0.8654259106039595, 0.8540150234112862, 0.8582636324242467, 0.8665928070310641, 0.8684818763149889, 0.8890459271498963, 0.9054880863943686, 0.9046585458648702, 0.9133177730928281, 0.9253771266022942, 0.9163665211718117, 0.9167991665185296, 0.9356817233892514, 0.9359648519610225, 0.9311620954128348, 0.9292943677483609, 0.9293826319513085, 0.9365015429228494, 0.9435871109364263, 0.936816162948326, 0.8942115672310507, 0.8698231128978978, 0.8698230273091175, 0.869823027308848, 0.8420402998696598, 0.8420401570343568, 0.8410239201768436, 0.841023916912439, 0.8171337194795445, 0.8137277348030343, 0.8137277237160189, 0.7979431043847381, 0.8213983139344663, 0.8344000933222365
0.7511971806108542, 0.7596738522634467
0.7511971806108542, 0.7596674728098085, 0.7602422980065188, 0.7602842525171223, 0.760287520146322, 0.7602875201566485, 0.7709125124711205, 0.7659173147913984, 0.7742445078539523, 0.7696279159327217, 0.7722827007047995, 0.7926862899541244, 0.7868840212131847
0.7463559438793045, 0.7546868394084805, 0.7526018925692397
0.7511971806108542
0.7529414610860644, 0.7529416601586009, 0.7529416601592409, 0.7529416601592408, 0.7601701150478559, 0.7601701364638552, 0.7601701364639232, 0.7580120098480226, 0.7629855340946514, 0.7613422941986873, 0.7613422891253655, 0.7613422891253492, 0.7613422891253492, 0.7648447214529294, 0.7648447321370659, 0.7648447321370999
0.7463559438793045, 0.7463561441702322, 0.7463561441708761, 0.7546865220662314, 0.754686546921527, 0.7526015420230612, 0.7526015356681086, 0.7584162619400687, 0.7584162795407527, 0.7584162795408086, 0.7568980445821661
0.7529414610860644, 0.7601703614569997, 0.7580122883373178, 0.7580122817282113, 0.7580122817281905, 0.7629856979884255, 0.7629857129575236, 0.762985712957571
0.7548242243204427, 0.7730825332898003, 0.7750158941869134, 0.7763559434534325, 0.8128637348874329, 0.8347441677808225, 0.8265593059786356, 0.8413794790433436, 0.8740658514922087, 0.8626412134356591, 0.8632547072834919, 0.8605617436815911, 0.8789914453885438, 0.8903117146765493, 0.8751806302978015, 0.9042530098361781, 0.9025932752297043, 0.9080134794220821, 0.8948902340997834, 0.9099970190308846
0.7511971806108542, 0.7596602906121891, 0.7602411968223034, 0.7602830092989817, 0.7602862769802086
0.7400835631169427, 0.7611377195574529, 0.7633884956280026, 0.7650351803809817, 0.8065763405894243, 0.8265538361169474, 0.8191892077177787, 0.8184875139482453, 0.8178924113923726, 0.860854057601901, 0.8645575892438573, 0.8701152004683402, 0.8585505695715732, 0.9050556985253609, 0.8817539476742771, 0.9078294195794163, 0.9096166911513489, 0.9079993600540208, 0.9065388812276246, 0.912838082594568, 0.9140272603744566, 0.9057759781005095, 0.913810832479873, 0.9126487389957506, 0.9153684463274783
0.7529414610860644, 0.7601703614569997
0.7463559438793045
0.7511971806108542, 0.7511974191483262, 0.751197419149093, 0.7511974191490931, 0.7599973007213278, 0.7573901079990011, 0.7573901000705767, 0.7635894311071793, 0.7616213757913909
0.7385001651594241, 0.790370660399395, 0.7864420892391933, 0.8263567915336858, 0.826697333642186, 0.8622686225463764, 0.8767173499200576, 0.8726280325774626, 0.8814550513858609, 0.8756528752975563, 0.8720142389382572, 0.8777949272378957, 0.9091094273903011, 0.9101616071498678, 0.9222566501769682, 0.9086165021311973
0.7529414610860644
0.7400835631169427, 0.761149205310284, 0.7776682391852178, 0.8084576257333954, 0.8016580161067876, 0.8400446350970603, 0.8294999098600385, 0.8682765302236445, 0.8529964168997223, 0.8683000385098645, 0.8719251859473158, 0.8774464969458827, 0.9099335101681074, 0.9142399498141114, 0.8917154397090448, 0.919281434231904, 0.922770717680156
0.7463559438793045, 0.7546868394084805, 0.7546868642652228, 0.7526019116391586, 0.7526019052843633
0.7511971806108542, 0.7596738522634467, 0.7602461856901384, 0.7602881577619499
0.7463559438793045, 0.7463561441702322, 0.7463561441708761, 0.7546865220662314, 0.752601522954214, 0.7526015165992771, 0.7584162504084643, 0.7568980183807686, 0.7610457802608679, 0.759876328415275
0.7511971806108542, 0.7596602906121891, 0.7602307913643948, 0.7602727721764933, 0.7602760402861345, 0.7709020844488228, 0.7709021149130515, 0.7715799876745604, 0.7899045480362576, 0.7858227904728854
0.7529414610860644, 0.7529416601586009, 0.7529416601592409, 0.7601701150478565, 0.7601701364638553, 0.7580120098479747, 0.7629855340946248, 0.762985549064035, 0.761342304031976, 0.7648447218297871, 0.7648447325138812, 0.7648447325139148, 0.7648447325139148, 0.7648447325139148, 0.7648447325139148, 0.7648447325139148
0.7511971806108542, 0.7599976083550839, 0.7599976348605582, 0.7573904921759052, 0.7573904842476313, 0.7573904842476059, 0.7573904842476059, 0.7635896569632625, 0.7616216398499979
0.7548242243204427, 0.7630177164996735, 0.763017741110797, 0.7603703230603225, 0.7661061949714242
0.7511971806108542, 0.7596602906121891, 0.7602416640752995, 0.7602836189458241, 0.7602868866015381, 0.7709119369771197, 0.7704515502286268, 0.7713292494230668, 0.7713929779289439, 0.7711798316141635, 0.7712516420269931, 0.7713352520689153, 0.7713406309487391, 0.7713406309653895, 0.7714553574940052, 0.7713866943235979, 0.7854608042848416, 0.7804263026299703, 0.7804262861214146, 0.7791053833121417, 0.8555491963527506, 0.8498954972642767
0.7463559438793045, 0.7463561441702322, 0.7541169767356037
0.7511971806108542, 0.7599976083550839, 0.7573904733361044, 0.7635896358839658, 0.7616216152007108, 0.7660856882881155, 0.7660857020751832
0.7511971806108542, 0.7511974191483262, 0.7599973007223166, 0.7599973272262326, 0.7573901268389274, 0.7573901189104812, 0.757390118910456, 0.757390118910456, 0.757390118910456
0.7463559438793045, 0.7541172558028232, 0.7519703807624072, 0.7579011094501286, 0.7582971751039012, 0.7684131758897822, 0.764172495094308, 0.7700496139788724, 0.7720296631548577, 0.7874716760667619, 0.7801576752026366
0.7463559438793045, 0.7463561441702322, 0.7463561441708761, 0.7546865220662314, 0.752601522954214, 0.7584162398919145, 0.7584162574925718, 0.7584162574926269, 0.7568980194510289, 0.7568980147961069
0.7463559438793045, 0.7463561441702322
0.7400835631169427, 0.761149205310284, 0.763420126093196, 0.7747073553485415, 0.8443218369934461, 0.8305324941286961, 0.827527011131652, 0.905268932838081, 0.9001321961431237, 0.8931935262854908, 0.8874275743261146, 0.8880825450055323, 0.9053876493312984, 0.9223260794735867, 0.9095840181753485
0.7548242243204427, 0.754824462186873, 0.763017447933944, 0.7603699829358441, 0.7661060038439043, 0.7661060213248617, 0.7661060213249171, 0.7640691084359157, 0.7640691021761999, 0.76406910217618
0.7511971806108542, 0.7599976083550839, 0.7599976348605582, 0.7599976348606419, 0.7599976348606419, 0.7573904921759644, 0.7573904842476902, 0.757390484247665, 0.757390484247665, 0.7635896569632968, 0.7616216398500383, 0.7660857028967303, 0.7645315392343174
0.7548242243204427, 0.7630177164996735, 0.7603703064032551, 0.7661061856718733, 0.7640693141873431, 0.7640693079277504, 0.7640693079277301, 0.7640693079277301, 0.7640693079277301, 0.7681779718499637
0.7394716114352347, 0.7594832528096028, 0.8237951566779396, 0.8118519061114343, 0.8627333553547202, 0.8575517927707391, 0.8587409500293055, 0.8745813578863794, 0.8582999201345402, 0.8855671776966296, 0.880891306567244, 0.9161021516136798, 0.9181891139850112, 0.9254149705113706, 0.9378616054188104, 0.9233900293887393
0.7511971806108542, 0.7701259050386933, 0.7868024342081137, 0.7904679780078714, 0.7812578765682261, 0.7909848202517521
0.7511971806108542, 0.8513082710186258, 0.870451210229305, 0.8690516578993294, 0.8776256268516491, 0.8917152832936786, 0.8992368309496744, 0.9084415067302998, 0.9072410938375876, 0.8985476872411567, 0.9101901070737954, 0.9069298639938643, 0.9063076721561436
0.7548242243204427, 0.7630177164996735
0.7463559438793045, 0.7463561441702322, 0.7463561441708761
0.7463559438793045, 0.7546868394084805, 0.7526018925692397, 0.7526018862144612, 0.7584164749413709, 0.7568982743279851, 0.7568982696731749
0.7463559438793045, 0.7463561441702322
0.7463559438793045, 0.777895441407148, 0.7814615061280741, 0.7773140704661496, 0.7769883560332711, 0.776963520901167, 0.7846284431673886, 0.7779387735761355, 0.7897348217905595, 0.7927099071651066, 0.7929435508751036
0.7548242243204427, 0.754824462186873, 0.763017447933944, 0.7630174725436306, 0.7603699995920125, 0.7603699915235004, 0.760369991523475, 0.7661060216503579, 0.7661060391313422, 0.7640691296751847, 0.7681778622502885, 0.7681778749229055, 0.7665422712698293, 0.7665422661943093, 0.7695501301061347, 0.7681995026904612, 0.7681994984623894, 0.7704454943693428, 0.7693123042492077, 0.7693123006771977, 0.7693123006771866, 0.7693123006771866, 0.7693123006771866, 0.7693123006771866, 0.7710188438474808, 0.7700608894972241
0.7463559438793045, 0.7541172558028232, 0.7546392174220966, 0.754677510236004
0.7548242243204427, 0.7731901899057142, 0.7896267861817379, 0.7974168126507382, 0.8243160394918009, 0.820297160730193, 0.8551808377194045, 0.9118181590126694, 0.901560123980367, 0.8959642318838648, 0.8860204283999643, 0.8815770757210638, 0.880034548282015, 0.877402905189106, 0.8989815886663829, 0.9062925810736784, 0.9078795313771686, 0.9125204779802468
0.7415645444243271, 0.7611308024822301
0.7529414610860644
0.7511971806108542, 0.7599976083550839
0.7463559438793045, 0.7546868394084805, 0.7546868642652228, 0.7546868642653014, 0.7526019116392184, 0.7584164759573582, 0.7584164935575703, 0.7584164935576263, 0.7568982885423634, 0.7568982838875403, 0.7568982838875254, 0.7568982838875254, 0.7568982838875254, 0.7568982838875254, 0.7568982838875254, 0.7568982838875254, 0.7568982838875254, 0.7568982838875254, 0.7568982838875254, 0.7568982838875254, 0.7568982838875254, 0.7568982838875254, 0.7568982838875254
0.7400835631169427, 0.7609361450203516, 0.7631723090064557, 0.7633265313247453, 0.8073282861002287, 0.7973245623374222
0.7511971806108542, 0.7597113309633186, 0.7602858194199117, 0.7603277492207845, 0.7603310150296871, 0.7709520221646564, 0.7709520526130736, 0.765960651555528, 0.765960634704977, 0.7978979509671527, 0.7974937486527628, 0.7974937473925794
0.7511971806108542
0.7529414610860644, 0.7529416601586009, 0.7529416601592409, 0.7529416601592408, 0.7601701150478559
0.7400835631169427, 0.7609295477263494, 0.7631774383026166, 0.778596105452133, 0.8411064788848319, 0.8288186604669322, 0.852563377237024, 0.8739522612833022, 0.8633025499428, 0.8675035703305526, 0.9049380010403568, 0.9105883805458861, 0.8965690466307935, 0.9052703226600485, 0.9016376799053598, 0.914220745438449, 0.917649070059326, 0.9187482464896193, 0.9167299214111874, 0.9314017376001397, 0.9267637074187911, 0.9285438129854919, 0.9362138628746864, 0.9397809711593521
0.7511971806108542
0.7548242243204427, 0.7630177164996735, 0.763017741110797, 0.7630177411108745, 0.7630177411108745, 0.760370323060375, 0.7603703149920258, 0.760370314992, 0.760370314992, 0.760370314992, 0.760370314992, 0.760370314992, 0.760370314992, 0.7661062034786247
0.7548242243204427, 0.7630177164996735, 0.763017741110797, 0.7630177411108745, 0.760370323060375, 0.7661061949714534, 0.7640693252825076, 0.7640693190229202, 0.7640693190228999, 0.7640693190228999, 0.768177978020455
0.7463559438793045, 0.7546868394084805, 0.7526018925692397
0.7548242243204427, 0.754824462186873, 0.7548244621876374, 0.7548244621876377, 0.7548244621876377, 0.7548244621876377, 0.7630174479330807, 0.7630174725427674, 0.7603699995909722, 0.7661060131423644, 0.7661060306233003
0.7548242243204427, 0.754824462186873, 0.763017447933944, 0.7603699829358441, 0.7661060038439043, 0.7640690974062911, 0.7681778442447953, 0.7681778569174545, 0.7665422496946577, 0.7665422446191266
0.7463559438793045, 0.777895441407148
0.7463559438793045, 0.7463561441702322, 0.7546865220672512, 0.7546865469225473, 0.7526015420242497, 0.7526015356692964, 0.7526015356692767, 0.7526015356692767, 0.7526015356692767, 0.7584162619408242, 0.7568980315250524, 0.7568980268701535, 0.7568980268701391, 0.7568980268701391, 0.7568980268701391
0.7511971806108542, 0.7599976083550839, 0.7599976348605582, 0.7573904921759052, 0.7573904842476313, 0.7573904842476059, 0.7573904842476059, 0.7635896569632625, 0.7635896758929832, 0.7635896758930432, 0.7635896758930432
0.7160797441760214, 0.7757668025966775, 0.774651943553542, 0.7921030487566504, 0.8474077989745387, 0.8422474109854718, 0.838805499842967, 0.8642779633018294, 0.8562637549260391
0.7463559438793045
0.7511971806108542, 0.7596674728098085, 0.7602401236026807, 0.7602819366886903, 0.7574548628160005, 0.7757837918365474, 0.7962358283898702, 0.7879578167503158, 0.7878526176723432, 0.7908747812373652, 0.7910920490778262, 0.7870948607213879, 0.7870948471449193, 0.8459687155940068, 0.8459688876385335, 0.841113586686439, 0.8397439461913571, 0.8568854146642716
0.7435009162152123, 0.7949657232428012, 0.7995183997837688, 0.8338485556407771, 0.8603527904780649, 0.8621190018784426, 0.8589510711867037, 0.8587062914816819, 0.8662283830437126, 0.8729024832642838, 0.8742228033205308, 0.8790336773300079, 0.9030569491181343, 0.8926202986840752, 0.8977596564005063, 0.895352232588751, 0.8955097669872852, 0.897654633836617, 0.9092904782802975, 0.9001662744157055, 0.9274410964911406, 0.9276231412076437, 0.9229859534402025, 0.9294242744270955, 0.9202381549200557, 0.9166947818895118, 0.9166947692993015, 0.85690016628019, 0.8568998631786968, 0.8568998631777425, 0.8626071154433375, 0.8636196525898818, 0.8529220393983413, 0.8663183210457012, 0.8474245056735837, 0.8472580375757007, 0.8506372108886087, 0.8486888375283143, 0.8467993602488411, 0.8423094985307011, 0.8419298179428041, 0.8370506746370284
0.7511971806108542
0.7529414610860644, 0.7601703614569997, 0.7580122883373178
0.7463559438793045
0.7548242243204427, 0.7630177164996735, 0.7603703064032551
0.7511971806108542, 0.7599976083550839, 0.7599976348605582, 0.7573904921759052, 0.7635896469042671, 0.7616216280887163, 0.7616216220595807, 0.7616216220595616, 0.7660857029365238, 0.7660857167236155, 0.7645315480595161
0.7529414610860644, 0.7601703614569997, 0.7580122883373178, 0.7580122817282113, 0.7629856979884002, 0.7629857129574988, 0.7613424967034563, 0.7613424916302051
0.7548242243204427, 0.7630177164996735, 0.7603703064032551, 0.7603702983349293, 0.7661061941789966, 0.7661062116595875, 0.7640693353610604, 0.7640693291014536, 0.7640693291014334, 0.768177983684942, 0.7665424092445817, 0.7665424041691484, 0.769550206688115, 0.7695502160541025, 0.7695502160541323, 0.7695502160541323, 0.768199600930915, 0.7681995967028797, 0.768199596702866, 0.7704455472627293, 0.7693123710606735, 0.7693123674887059, 0.769312367488695, 0.7710188781480731, 0.7710188835311675
0.7511971806108542
0.7380751112087321, 0.7579977311183564, 0.7634112205703206, 0.7795039351085652, 0.7885722494727795, 0.7890951954300481, 0.8448206836037196, 0.8287118129698058, 0.8292797184758185, 0.8337769321880109, 0.8526611025488442, 0.8630120703606231, 0.8839095499963902, 0.877751342834889
0.7548242243204427
0.7400376950451445
0.7548242243204427
